package,transitive_dependents
tslib,212
@babel/runtime,154
chalk,122
debug,116
semver,107
lodash,81
@types/node,55
glob,52
@aws-sdk/types,51
graceful-fs,45
minimatch,45
call-bind,43
prop-types,43
postcss-value-parser,42
readable-stream,42
commander,41
classnames,40
uuid,39
source-map,36
strip-ansi,36
yargs,36
@radix-ui/react-primitive,34
@swc/helpers,34
safe-buffer,34
define-properties,33
fs-extra,33
inherits,33
core-js,32
@aws-sdk/protocol-http,30
@babel/core,30
@react-types/shared,30
execa,30
rc-util,30
node-fetch,29
resolve,29
js-yaml,27
@jest/types,26
micromark-util-types,26
micromatch,26
@radix-ui/react-context,25
es-abstract,25
function.prototype.name,25
globby,25
postcss-selector-parser,25
rimraf,25
string.prototype.trimend,25
string.prototype.trimstart,25
@radix-ui/react-compose-refs,24
chokidar,24
jest-util,24
minimist,24
@radix-ui/primitive,23
micromark-util-symbol,23
slash,23
ws,23
@aws-sdk/util-utf8-browser,22
@graphql-tools/utils,22
regenerator-runtime,22
@aws-sdk/middleware-endpoint,21
@aws-sdk/smithy-client,21
@opentelemetry/semantic-conventions,21
escape-string-regexp,21
get-intrinsic,21
mkdirp,21
@aws-crypto/sha256-js,20
@aws-sdk/config-resolver,20
@aws-sdk/node-config-provider,20
@opentelemetry/core,20
@types/mdast,20
string-width,20
@aws-crypto/sha256-browser,19
@aws-sdk/fetch-http-handler,19
@aws-sdk/hash-node,19
@aws-sdk/invalid-dependency,19
@aws-sdk/middleware-content-length,19
@aws-sdk/middleware-host-header,19
@aws-sdk/middleware-logger,19
@aws-sdk/middleware-recursion-detection,19
@aws-sdk/middleware-retry,19
@aws-sdk/middleware-serde,19
@aws-sdk/middleware-stack,19
@aws-sdk/middleware-user-agent,19
@aws-sdk/node-http-handler,19
@aws-sdk/url-parser,19
@aws-sdk/util-base64,19
@aws-sdk/util-body-length-browser,19
@aws-sdk/util-body-length-node,19
@aws-sdk/util-defaults-mode-browser,19
@aws-sdk/util-defaults-mode-node,19
@aws-sdk/util-endpoints,19
@aws-sdk/util-retry,19
@aws-sdk/util-user-agent-browser,19
@aws-sdk/util-user-agent-node,19
@aws-sdk/util-utf8-node,19
@radix-ui/react-use-controllable-state,19
@types/hast,19
ckeditor5,19
ignore,19
@aws-sdk/credential-provider-node,18
@types/unist,18
acorn,18
browserslist,18
cosmiconfig,18
https-proxy-agent,18
micromark-util-character,18
resolve-from,18
schema-utils,18
through2,18
type-fest,18
@aws-sdk/client-sts,17
@aws-sdk/middleware-signing,17
@storybook/client-logger,17
fast-glob,17
find-up,17
invariant,17
lodash-es,17
postcss,17
@opentelemetry/instrumentation,16
buffer,16
cross-spawn,16
global,16
lru-cache,16
ts-dedent,16
unified,16
@babel/types,15
@ethersproject/logger,15
@firebase/util,15
@react-aria/utils,15
@storybook/addons,15
@storybook/csf,15
jsonc-parser,15
pretty-format,15
qs,15
uvu,15
yaml,15
@babel/traverse,14
@ethersproject/bytes,14
ansi-escapes,14
extend,14
fast-deep-equal,14
hoist-non-react-statics,14
iconv-lite,14
loader-utils,14
minipass,14
rxjs,14
which,14
workbox-core,14
@babel/code-frame,13
@babel/parser,13
@ethersproject/bignumber,13
@storybook/api,13
camelcase,13
figures,13
has,13
is-glob,13
is-plain-object,13
kind-of,13
mime,13
mime-types,13
normalize-path,13
open,13
picocolors,13
q,13
supports-color,13
@firebase/component,12
@octokit/types,12
@radix-ui/react-presence,12
@radix-ui/react-use-callback-ref,12
@react-stately/utils,12
@rollup/pluginutils,12
@storybook/core-events,12
ajv,12
async,12
bn.js,12
clsx,12
deepmerge,12
has-symbols,12
http-errors,12
magic-string,12
object-assign,12
object.assign,12
react-is,12
yargs-parser,12
@ckeditor/ckeditor5-core,11
@ckeditor/ckeditor5-ui,11
@commitlint/types,11
@radix-ui/react-id,11
@radix-ui/react-use-layout-effect,11
@storybook/components,11
@storybook/theming,11
accepts,11
colorette,11
has-tostringtag,11
loose-envify,11
ora,11
parse5,11
rc-motion,11
source-map-support,11
tmp,11
util-deprecate,11
@babel/generator,10
@codemirror/state,10
@jest/test-result,10
@storybook/node-logger,10
@vue/shared,10
ci-info,10
dayjs,10
depd,10
dotenv,10
estree-walker,10
inquirer,10
is-plain-obj,10
is-string,10
jest-get-type,10
jest-message-util,10
jest-worker,10
make-dir,10
parseurl,10
prosemirror-state,10
prosemirror-view,10
punycode,10
signal-exit,10
through,10
@aws-sdk/property-provider,9
@babel/preset-env,9
@babel/template,9
@ckeditor/ckeditor5-utils,9
@ethersproject/properties,9
@graphql-codegen/plugin-helpers,9
@jridgewell/trace-mapping,9
@radix-ui/react-direction,9
@react-aria/interactions,9
@typescript-eslint/utils,9
ansi-colors,9
axios,9
cli-cursor,9
convert-source-map,9
cookie,9
create-hash,9
define-property,9
domhandler,9
eslint-utils,9
ini,9
lodash.isequal,9
mdast-util-to-markdown,9
micromark-factory-space,9
ms,9
nopt,9
nullthrows,9
p-limit,9
p-map,9
pathe,9
prosemirror-model,9
randombytes,9
shell-quote,9
strip-json-comments,9
unist-util-visit,9
wrap-ansi,9
write-file-atomic,9
@angular-devkit/core,8
@babel/helper-plugin-utils,8
@codemirror/view,8
@firebase/logger,8
@opentelemetry/resources,8
@opentelemetry/sdk-trace-base,8
@radix-ui/react-dismissable-layer,8
@radix-ui/react-slot,8
@react-aria/focus,8
@sentry/types,8
@storybook/core-common,8
abort-controller,8
arrify,8
cacache,8
csstype,8
d,8
diff,8
duplexify,8
es5-ext,8
es6-iterator,8
es6-symbol,8
escape-html,8
events,8
form-data,8
fsevents,8
function-bind,8
http-proxy-agent,8
is-stream,8
is-typed-array,8
isobject,8
istanbul-lib-coverage,8
jest-regex-util,8
json-parse-even-better-errors,8
meow,8
methods,8
node-gyp-build,8
npm-package-arg,8
object-inspect,8
path-to-regexp,8
picomatch,8
process,8
prosemirror-transform,8
read-pkg-up,8
resize-observer-polyfill,8
sax,8
tar,8
ufo,8
@aws-sdk/util-waiter,7
@babel/helper-module-imports,7
@babel/plugin-proposal-class-properties,7
@ethersproject/address,7
@ethersproject/constants,7
@ethersproject/keccak256,7
@jest/environment,7
@jest/transform,7
@radix-ui/react-collection,7
@radix-ui/react-portal,7
@react-native-community/cli-tools,7
@react-stately/collections,7
@sentry/utils,7
@webassemblyjs/ast,7
bluebird,7
cross-fetch,7
d3-array,7
d3-interpolate,7
enquirer,7
entities,7
eslint-visitor-keys,7
fast-xml-parser,7
find-cache-dir,7
get-stream,7
globalthis,7
google-auth-library,7
he,7
htmlparser2,7
is-callable,7
is-ci,7
is-core-module,7
is-regex,7
jest-haste-map,7
jest-mock,7
jest-validate,7
json5,7
jsonwebtoken,7
lodash.clonedeep,7
memoize-one,7
node-addon-api,7
object-keys,7
on-finished,7
once,7
pify,7
protobufjs,7
proxy-from-env,7
react-refresh,7
split2,7
ssri,7
strip-bom,7
webpack-sources,7
which-typed-array,7
xtend,7
@babel/preset-react,6
@ckeditor/ckeditor5-engine,6
@codemirror/language,6
@inquirer/core,6
@lezer/common,6
@radix-ui/react-use-previous,6
@types/estree,6
@types/estree-jsx,6
@types/json-schema,6
aggregate-error,6
ansi-styles,6
argparse,6
assert-plus,6
auto-bind,6
available-typed-arrays,6
base64-js,6
cli-table3,6
clone,6
concat-stream,6
connect,6
content-type,6
css-select,6
d3-dispatch,6
deep-equal,6
defu,6
error-stack-parser,6
es-shim-unscopables,6
esquery,6
fast-json-stable-stringify,6
fresh,6
functions-have-names,6
gopd,6
has-property-descriptors,6
indent-string,6
interpret,6
is-buffer,6
is-wsl,6
jest-resolve,6
jest-snapshot,6
mdast-util-from-markdown,6
memoizerific,6
minimalistic-assert,6
mlly,6
neo-async,6
next-tick,6
npmlog,6
pkg-types,6
proc-log,6
prompts,6
pump,6
rc-resize-observer,6
rc-trigger,6
react-lifecycles-compat,6
regexp.prototype.flags,6
serialize-javascript,6
shallowequal,6
text-table,6
type-is,6
typescript,6
util,6
vary,6
wcwidth,6
webpack,6
@algolia/requester-common,5
@angular-devkit/schematics,5
@aws-crypto/util,5
@aws-sdk/shared-ini-file-loader,5
@babel/plugin-syntax-jsx,5
@babel/plugin-transform-react-jsx,5
@babel/preset-typescript,5
@colors/colors,5
@emotion/utils,5
@ethersproject/abstract-provider,5
@ethersproject/abstract-signer,5
@ethersproject/strings,5
@ethersproject/transactions,5
@firebase/installations,5
@google-cloud/promisify,5
@graphql-tools/schema,5
@grpc/grpc-js,5
@hapi/hoek,5
@radix-ui/react-use-size,5
@react-aria/i18n,5
@react-aria/label,5
@react-stately/list,5
@react-stately/overlays,5
@react-stately/selection,5
@react-stately/toggle,5
@semantic-release/error,5
@storybook/semver,5
@turf/helpers,5
@types/debug,5
@typescript-eslint/types,5
@vue/devtools-api,5
@wdio/logger,5
@wdio/types,5
@webassemblyjs/helper-wasm-bytecode,5
acorn-walk,5
agent-base,5
anymatch,5
arg,5
aria-query,5
babel-loader,5
bytes,5
caniuse-lite,5
cli-spinners,5
colors,5
conventional-commits-parser,5
cssnano-utils,5
dateformat,5
decamelize,5
decode-named-character-reference,5
detect-indent,5
doctrine,5
domelementtype,5
dot-prop,5
encodeurl,5
end-of-stream,5
eslint-scope,5
espree,5
esprima,5
estraverse,5
esutils,5
eventemitter3,5
express,5
extend-shallow,5
fbjs,5
gaxios,5
glob-parent,5
got,5
hosted-git-info,5
idb,5
ieee754,5
internal-slot,5
is-array-buffer,5
is-shared-array-buffer,5
is-weakref,5
lines-and-columns,5
lodash.throttle,5
log-symbols,5
long,5
